ID,Brand,Name,Price,Old Price,Link,ImageLink,CPU,Display,RAM,Graphics Card,Storage,OS,Battery,Weight
1,ASUS,ASUS S533EQ-BQ429W,24.590.000₫,25.990.000₫,https://phongvu.vn/asus-vivobook-s533eq-bq429w-i7-1165g7--s220200372,https://lh3.googleusercontent.com/64-8-CwVgRfzQjMOFJc2nUl2JAscm7HRX0COohFz_6Nk2TiUMV0QV6083FaJxF8-AzsiB7kDVLhG6m6UVAaLWfrKYACd8FSt=w500-rw,Intel Core i7-1165G7,"15.6"" IPS (1920 x 1080)",16GB Onboard DDR4 2666MHz,GeForce MX350 2GB GDDR5 / Intel Iris Xe Graphics,512GB SSD M.2 NVMe /,Windows 11 Home,- Khối lượng: 1.8kg,1.8kg
2,ASUS,ASUS S533EA-BN462W,17.690.000₫,18.490.000₫,https://phongvu.vn/asus-vivobook-s533ea-bn462w--s220200732,https://lh3.googleusercontent.com/nHB_Yxy9tdTiSD-CLj6mqXjBraXuKfbpOhzySK7J1yqo2PdgsdBM2wWdWiPhbTurqpq85t0bFoHEIWleeQ-xfa2sJtszQ1E=w500-rw,Intel Core i5-1135G7,"15.6"" IPS (1920 x 1080)",8GB Onboard DDR4,Onboard Intel Iris Xe Graphics,512GB SSD M.2 NVMe /,Windows 11 Home,- Khối lượng: 1.8kg,1.8kg
3,ASUS,ASUS UX482EA-KA397W,31.490.000₫,32.990.000₫,https://phongvu.vn/asus-zenbook-ux482ea-ka397w--s220200733,https://lh3.googleusercontent.com/NVkTLRf8SM4eemDe9mTFJLSvIc8YwwGjK8NBW1TFFR0rBJJxwoZZsBZFeXee1UxMCv5ob09BWvAXP0O7Wmu3cmQljGadp-Y0=w500-rw,Intel Core i5-1135G7,"14"" IPS (1920 x 1080)",8GB Onboard LPDDR4X,Onboard Intel Iris Xe Graphics,512GB SSD M.2 NVMe /,Windows 11 Home,- Khối lượng: 1.6kg,1.6kg
7,Máy,Máy tính xách tay/  Acer Aspire 7 A715-41G-R150,16.060.000₫,21.490.000₫,https://phongvu.vn/may-tinh-xach-tay-laptop-acer-aspire-7-a715-41g-r150-nh-q8ssv-004-amd-ryzen-7-3750h-den-hang-trung-bay--s220200834,https://lh3.googleusercontent.com/WHuQtSgd-p6_IEe4AkiBDv-jfjb6tFRGEw64wx_TPTBMX6K0XN0T7sO8XoM4Yg8VNXgMhWM3NK19pa42Al2Mgn1C5mXQCo0=w500-rw,AMD Ryzen 7 3750H,"15.6"" IPS (1920 x 1080)",1 x 8GB DDR4 2400MHz,GTX 1650Ti 4GB GDDR6 / AMD Radeon Vega 10 Graphics,512GB SSD M.2 NVMe /,Windows 10 Home 64-bit,- Hệ điều hành: Windows 10 Home 64-bit,null
8,Máy,Máy tính xách tay/  Acer Aspire A515-53-330E,5.000.000₫,11.490.000₫,https://phongvu.vn/may-tinh-xach-tay-laptop-acer-aspire-a515-53-330e-nx-h6csv-001-i3-8145u-bac-hang-trung-bay--s220200877,https://lh3.googleusercontent.com/TrZE-rb2nNKAHiVdyAPX2c5Lt4PGU7rYag16l6cD5GRM6WwLKaN9uZDklphb58d0mKUJ9cFtQj6hDW-I7wHyN3aNSxi6JSk=w500-rw,"Intel Core i3-8145U ( 2.1 GHz - 3.9 GHz / 4MB / 2 nhân, 4 luồng )","15.6"" ( 1920 x 1080 ) , không cảm ứng",1 x 4GB Onboard DDR4,Intel UHD Graphics 620,1TB HDD 5400RPM,Linux,"- Pin: 3 cell 61 Wh Pin liền , khối lượng: 2.1 kg", 2.1 kg
10,HP,HP 240 G8,12.490.000₫,null,https://phongvu.vn/may-tinh-xach-tay-laptop-hp-240-g8-617m3pa-i3-1005g1-bac--s220201082,https://lh3.googleusercontent.com/LCIC5Z4ePgeGltl_eXFO4WOK17wv2zcO4MC_IFuteaM7rT6YcuIaewwJl7MgkOacXyUCFgjw6CVFJIAzxdSLiSIoZ71bgPmC=w500-rw,Intel Core i3-1005G1,"14"" IPS (1366 x 768)",4GB DDR4 2666MHz,Onboard Intel UHD Graphics,256GB SSD M.2 NVMe /,Windows 11 Home,- Khối lượng: 1.5kg,1.5kg
11,HP,HP ProBook 450 G8,20.990.000₫,null,https://phongvu.vn/may-tinh-xach-tay-laptop-hp-probook-450-g8-614k3pa-i5-1135g7-bac--s220201085,https://lh3.googleusercontent.com/it9AysJiCr0qGxxivNUPF7nR4Njhplz-r8iO3h8Hv8hCtnznIEvJdZALjPeK7gzbMoh7SXxJLCbha5W97ZK88Oet9zL89r0=w500-rw,Intel Core i5-1135G7,"15.6"" IPS (1920 x 1080)",1 x 8GB DDR4 3200MHz,Onboard Intel Iris Xe Graphics,512GB SSD M.2 NVMe /,Windows 11 Home,- Khối lượng: 1.8kg,1.8kg
12,ASUS,ASUS Vivobook S433EA-AM2307W,17.490.000₫,18.490.000₫,https://phongvu.vn/asus-vivobook-s433ea-am2307w--s220201088,https://lh3.googleusercontent.com/98i5QRJmMrInyGJpXV_HE3XadRbtnYpge6hF27jUHyx03aO8JQgwIj2-ksWtR1BAOVo3SCbtr_LSoILI6Du2ZHwigo27nBg=w500-rw,Intel Core i5-1135G7,"14"" IPS (1920 x 1080)",1 x 8GB Onboard DDR4 2666MHz,Onboard Intel Iris Xe Graphics,512GB SSD M.2 NVMe /,Windows 11 Home,- Khối lượng: 1.4kg,1.4kg
13,ASUS,ASUS Vivobook X515EP-EJ405W RAM 8GB/512GB SSD/,16.690.000₫,null,https://phongvu.vn/may-tinh-xach-tay-laptop-asus-vivobook-x515ep-ej405w-i5-1135g7-bac--s220201807,https://lh3.googleusercontent.com/maZVa6DVjMqzbPs_R0-NOUrnhGxh3Pz-KIbpoN_rjAKLv-EooTIPk-Zx323DBiHwfshYi8c2TwcN4-zqS4rjtBaDaNVh8GwSFA=w500-rw,Intel Core i5-1135G7,"15.6"" (1920 x 1080)",8GB (4GB + 4GB Onboard) DDR4,NVIDIA GeForce MX330 2GB GDDR5 / Intel Iris Xe Graphics,512GB SSD M.2 NVMe /,Windows 11 Home,- Khối lượng: 1.8kg,1.8kg
14,Máy,Máy tính xách tay/  Acer Aspire 3 A315-56-502X,10.200.000₫,14.490.000₫,https://phongvu.vn/may-tinh-xach-tay-laptop-acer-aspire-3-a315-56-502x-nx-hs5sv-00f-i5-1035g1-den-hang-trung-bay--s220201864,https://lh3.googleusercontent.com/zIneJyaNrOuuXimJ51JpND5p1Q9WDlE7VxvDPASfrmb1yol4tmE9Hs0F_UJQyW28YK6judIacrCPvc6RX1RTmeUt34jykcPQ=w500-rw,Intel Core i5-1035G1,"15.6"" IPS (1920 x 1080)",1 x 4GB Onboard DDR4 2400MHz,Onboard Intel UHD Graphics,256GB SSD M.2 NVMe /,Windows 10 Home 64-bit,- Khối lượng: 1.7kg,1.7kg
17,HP,HP VICTUS 16-e0177AX,22.990.000₫,null,https://phongvu.vn/may-tinh-xach-tay-laptop-hp-victus-16-e0177ax-4r0u9pa-amd-ryzen-5-5600h-den--s220202048,https://lh3.googleusercontent.com/DYNZIMfeWaMuqoOJvftV6cVXy6R2HkyUwEjMhcRUMdiMTb9Ur97Hxktxetv3iMme6ipR9Wknxf7GmnErLrxUH_m1qJojuk6yFg=w500-rw,AMD Ryzen 5 5600H,"16.1"" IPS (1920 x 1080),144Hz",2 x 4GB DDR4 3200MHz,GTX 1650 4GB GDDR6 / AMD Radeon Graphics,512GB SSD M.2 NVMe /,Windows 11,- Khối lượng: 2.4kg,2.4kg
18,Máy,Máy tính xách tay/  Lenovo Thinkpad E470-20H10034VN,8.250.000₫,16.490.000₫,https://phongvu.vn/may-tinh-xach-tay-laptop-lenovo-thinkpad-e470-20h10034vn-i5-7200u-den-hang-trung-bay--s220202290,https://lh3.googleusercontent.com/pHDpE5S7C-sESFEiehf4uNuAcP01jb6IrEIIWpwUsFK_PyhEPTJoFAzPzWcnRZINMoxzxswhDXAUUrt2i3OH7bYpd8zh1udu=w500-rw,"Intel Core i5-7200U ( 2.5 GHz - 3.1 GHz / 3MB / 2 nhân, 4 luồng )","14"" ( 1366 x 768 ) , không cảm ứng",1 x 4GB DDR4 2400MHz,Intel HD Graphics 620,500GB HDD 7200RPM,Windows 10 Home SL 64-bit,"- Pin: 6 cell 45 Wh , khối lượng: 1.9 kg", 1.9 kg
20,Máy,Máy tính xách tay/  Acer Aspire A515-53-3153,8.030.000₫,11.990.000₫,https://phongvu.vn/may-tinh-xach-tay-laptop-acer-aspire-a515-53-3153-nx-h6bsv-005-i3-8145u-bac-hang-trung-bay--s220202399,https://lh3.googleusercontent.com/i1CqHvIsAcZAoWkgm9T9kJDfgIEv5oPS3ZLnA4bAZhhdGQJbcCUSUTtfDlquKahT-eRdxCw-YAOvLQw_qB5tCS3rt5EdwxY=w500-rw,Intel Core i3-8145U,"15.6"" ( 1920 x 1080 ) , không cảm ứng",1 x 4GB Onboard DDR4 2133MHz,Intel UHD Graphics 605,1TB HDD 5400RPM,Windows 10 Home SL 64-bit,- Hệ điều hành: Windows 10 Home SL 64-bit,null
23,GIGABYTE,GIGABYTE AERO 16 XE5-73VN938AH,46.390.000₫,46.990.000₫,https://phongvu.vn/may-tinh-xach-tay-laptop-gigabyte-aero-16-xe5-73vn938ah-i7-12700h-den--s220202603,https://lh3.googleusercontent.com/qYBG3tmnTSlQjeVDm10bYLOG1AEViOEChcE5m5TGsRooSR2XaRlzBNQEX0Fnk6gPJ2lG2FlJ9KI9C0kNjffawlF7xEP6nVMT=w500-rw,Intel Core i7-12700H,"16"" (3840 x 2160)",2 x 8GB DDR5 4800MHz,RTX 3070Ti 8GB GDDR6 / Intel Iris Xe Graphics,2 x 1TB SSD M.2 NVMe /,Windows 11 Home SL,- Khối lượng: 2.3kg,2.3kg
24,ASUS,ASUS Vivobook Pro M3500QC-L1388W,25.790.000₫,26.990.000₫,https://phongvu.vn/asus-vivobook-pro-m3500qc-l1388w--s220202625,https://lh3.googleusercontent.com/xxTsT5MmMGVDI9uNVQ4-5YWjhCavDMwSpOTx_MucqvhBONvoQ3wyyUx63QcLMu99M19uLkkQq_adYwYXJFdWSfiXidXNlmI=w500-rw,AMD Ryzen 5 5600H,"15.6"" OLED (1920 x 1080)",16GB Onboard DDR4,RTX 3050 4GB GDDR6 / AMD Radeon Graphics,512GB SSD M.2 NVMe /,Windows 11 Home,- Khối lượng: 1.7kg,1.7kg
25,Dell,Dell Alienware M15 R6,61.990.000₫,null,https://phongvu.vn/may-tinh-xach-tay-laptop-dell-alienware-m15-r6-p109f001dbl-i7-11800h-den--s220202627,https://lh3.googleusercontent.com/MTSxaobR1EUohVOU4C4ht3zZ1A0CuyoutiKJcoJ9tTe90h6uBj0o23QaoigOxGDRT8KuRB5oRNMdaLv4ii90sMJUiOVTcYFY=w500-rw,Intel Core i7-11800H,"15.6"" WVA (1920 x 1080)",2 x 16GB DDR4 3200MHz,RTX 3060 6GB GDDR6 / Intel UHD Graphics,1TB SSD M.2 NVMe /,Windows 11 Home SL + Office Home & Student 2019,- Khối lượng: 2.7kg,2.7kg
26,Dell,Dell Alienware M15 R6,51.990.000₫,64.990.000₫,https://phongvu.vn/may-tinh-xach-tay-laptop-dell-alienware-m15-r6-p109f001cbl-i7-11800h-den--s220202631,https://lh3.googleusercontent.com/AZofVSPY0YKpyh9jcpNAV95Tc23AIQ0wJQQEDHoTfRhsb9pIBehPQwofJthigKCUR7iW2Gt_fs1iQt9rzaF_-nr1Ptm3fghB=w500-rw,Intel Core i7-11800H,"15.6"" WVA (2560 x 1440),240Hz",2 x 16GB DDR4 3200MHz,RTX 3060 6GB GDDR6 / Intel UHD Graphics,1TB SSD M.2 NVMe /,Windows 11 Home SL + Office Home & Student 2019,- Khối lượng: 2.7kg,2.7kg
27,ACER,ACER Predator Triton 300 PT315-53-7440,36.990.000₫,null,https://phongvu.vn/laptop-acer-predator-triton-300-pt315-53-7440-nh-qdrsv-003--s220300222,https://lh3.googleusercontent.com/34aNUt_-r9-1kTmS_hHGG3KfxbFupq3IMG8R_xhuO03VcItyg0c_HsSBr1OzE6E2ES1VvAkSVrHsglYjng7stiUEVntdygW2=w500-rw,Intel Core i7-11800H,"15.6"" IPS (2560 x 1440),165Hz",8GB DDR4 3200MHz,RTX 3050Ti 4GB GDDR6 / Intel UHD Graphics,512GB SSD M.2 NVMe /,Windows 11 Home,- Khối lượng: 2kg,2kg
28,HP,HP Probook 430 G8,12.990.000₫,19.990.000₫,https://phongvu.vn/laptop-hp-probook-430-g8-614k8pa--s220300345,https://lh3.googleusercontent.com/yEa-tpsWYYoO9YryljLw2VbfMxk5vhrtV5UgR2pKORef-usjYJLZpJWAul4rPkyJGIPztZaiRe6t6YknYSzF2oINWlKMzjRK0A=w500-rw,Intel Core i5-1135G7,"13.3"" (1920 x 1080)",1 x 4GB DDR4 3200MHz,Onboard Intel Iris Xe Graphics,256GB SSD M.2 NVMe /,Windows 11 Home SL,- Khối lượng: 1.2kg,1.2kg
29,HP,HP Probook 430 G8,21.490.000₫,null,https://phongvu.vn/laptop-hp-probook-430-g8-614l0pa--s220300346,https://lh3.googleusercontent.com/rZ5Kf8ZZqvbpAkdNjOZ9BHZunbAuvT3f_SjtI6esbK3AiXLcFY9k4t8IhXONv2mec6NSQ-f_1slNX3Rb0wZlxSBOC73mAa9B=w500-rw,Intel Core i5-1135G7,"13.3"" (1920 x 1080)",1 x 8GB DDR4 3200MHz,Onboard Intel Iris Xe Graphics,512GB SSD M.2 NVMe /,Windows 11 Home SL,- Khối lượng: 1.3kg,1.3kg
30,ASUS,ASUS ROG Strix Scar G733ZX-LL016W,90.590.000₫,95.990.000₫,https://phongvu.vn/asus-rog-strix-scar-g733zx-ll016w--s220300641,https://lh3.googleusercontent.com/T32a5e_46q_hY571tZ4b4Eo_26K1njGZhvG5IJjTFhicrSKrxcrsl9rFYpT4VWmgN1OMXEmEUEGikBHSMZ-NzvsEfOYVYHJD=w500-rw,Intel Core i9-12900H,"17.3"" IPS (2560 x 1440),240Hz",2 x 16GB DDR5 4800MHz,RTX 3080Ti 16GB GDDR6 / Intel Iris Xe Graphics,1TB SSD M.2 NVMe /,Windows 11 Home,- Khối lượng: 2.9kg,2.9kg
31,ASUS,ASUS ExpertBook B1400CEAE-EK3009T,18.790.000₫,19.890.000₫,https://phongvu.vn/asus-expertbook-b1400ceae-ek3009t--s220300642,https://lh3.googleusercontent.com/rQl0k19tIfvLIQd4Faf5Jk-G3FpDHaVethwpwVtFy7_9vxpnl2bUnSzoz1oskM5LMy6PkotgICdXdA-z1BQ6LElxE29hIfTTnw=w500-rw,Intel Core i5-1135G7,"14"" (1920 x 1080)",1 x 8GB Onboard DDR4 2666MHz,Onboard Intel Iris Xe Graphics,512GB SSD M.2 NVMe /,Windows 10 Home 64-bit,- Khối lượng: 1.4kg,1.4kg
32,ASUS,ASUS ExpertBook L1500CDA-EJ0531T,12.990.000₫,null,https://phongvu.vn/asus-expertbook-l1500cda-ej0531t--s220300644,https://lh3.googleusercontent.com/LFv5tnapd3X7bWC4xLuDzomb51DDM7FjT4adni2uFBWbF_i8vMIA4qpgT4nU-oEqFd3HK4oelquzIxKzty7-Kc9EB7r_NlEuxg=w500-rw,AMD Ryzen 3 3250U,"15.6"" (1920 x 1080)",1 x 4GB Onboard DDR4 2666MHz,Onboard AMD Radeon Graphics,256GB SSD M.2 NVMe /,Windows 10 Home 64-bit,- Khối lượng: 1.7kg,1.7kg
33,ASUS,ASUS ExpertBook B1500CEAE-EJ2646T,19.390.000₫,null,https://phongvu.vn/asus-expertbook-b1500ceae-ej2646t--s220300645,https://lh3.googleusercontent.com/DVp5j9qrs8UgqMDsjjDW6-QkUSUbOU47vh1SfmE6gAlNAniPn1UCnbg7BGxN-D-tnw6DXn40lxRow9eLb_X_Ncxt8ZenvWpErg=w500-rw,Intel Core i5-1135G7,"15.6"" (1920 x 1080)",1 x 8GB Onboard DDR4 2666MHz,Onboard Intel Iris Xe Graphics,256GB SSD M.2 NVMe /,Windows 10 Home 64-bit,- Khối lượng: 1.7kg,1.7kg
34,ASUS,ASUS Vivobook Flip TM420UA-EC182W,20.490.000₫,null,https://phongvu.vn/asus-vivobook-flip-tm420ua-ec182w--s220301166,https://lh3.googleusercontent.com/QBhAdMchz0gGm-0UuLfpSnPXtWQxKAdqwaVTpqNyqAfyotyyzHW7Tg_3XDGJzzrlwAeVYg8Eb_fiqIKAoiDFT3g6FMMNWqkj2g=w500-rw,AMD Ryzen 7 5700U,"14"" IPS (1920 x 1080)","1 x 4GB, 1 x 4GB Onboard DDR4",Onboard AMD Radeon Graphics,512GB SSD M.2 NVMe /,Windows 11 Home,- Khối lượng: 1.5kg,1.5kg
35,MSI,MSI Modern 15 A11M-1024VN,12.990.000₫,16.990.000₫,https://phongvu.vn/laptop-msi-modern-15-a11m-1024vn--s220301275,https://lh3.googleusercontent.com/AuqhERmRG5UzcXhYp4bksbuNkPecHQzTdlBN8COMmC866UWUcKE9P3DnEOFsWjB64G8UYAZJbrvpNgeec3M664cagmbuJXtt=w500-rw,Intel Core i5-1155G7,"15.6"" IPS (1920 x 1080)",1 x 8GB DDR4 3200MHz,Onboard Intel Iris Xe Graphics,512GB SSD M.2 NVMe /,Windows 11,- Khối lượng: 1.6kg,1.6kg
36,MacBook,MacBook Pro 2022 14 inch Z15H000VP,99.990.000₫,null,https://phongvu.vn/macbook-pro-14-inch-z15h000vp--s220302861,https://lh3.googleusercontent.com/97AjbUO6bWCRxsnvSMod4aUOaUxPmBtx2yaCyLWGYm6U6SjI2ag8clQErMPKqmjwWHpRe6HhWyToS3kP-jAJFNxnEBldMv0=w500-rw,Apple M1 Max,"14"" (3024 x 1964)",32GB,Onboard,1TB SSD /,macOS,- Khối lượng: 1.6kg,1.6kg
37,HP,HP ProBook 635 Aero G8,17.590.000₫,null,https://phongvu.vn/laptop-hp-probook-635-aero-g8-46j48pa-bac--s220302879,https://lh3.googleusercontent.com/ZjR1Dc2GjMPO5ZC9tOM3yEqMNNg_vy7CnXHaFx6HYWjVH_nY5XVaYn2d70_KWFV0ZLFyeYKFMRjjF7OXZTQDAmPoTUarygGp=w500-rw,AMD Ryzen 3 5400U,"13.3"" IPS (1920 x 1080)",1 x 4GB DDR4 3200MHz,Onboard AMD Radeon Graphics,256GB SSD M.2 NVMe /,Windows 10 Home 64-bit,- Khối lượng: 1kg,1kg
38,HP,HP ProBook 635 Aero G8,21.990.000₫,null,https://phongvu.vn/laptop-hp-probook-635-aero-g8-46j50pa-bac--s220302880,https://lh3.googleusercontent.com/N3Kg7p10XQACwXBJ4lH3ex4vdxDxBMKL6OLLH2PFvWT2rs4-rxshR78h_6PCtszQ8V5jKoBlzy7VjjUWWPaCNSMpJFsHK6t7=w500-rw,AMD Ryzen 5 5600U,"13.3"" IPS (1920 x 1080)",1 x 8GB DDR4 3200MHz,Onboard AMD Radeon Graphics,256GB SSD M.2 NVMe /,Windows 10 Home 64-bit,- Khối lượng: 1kg,1kg
39,HP,HP ProBook 635 Aero G8,22.890.000₫,null,https://phongvu.vn/laptop-hp-probook-635-aero-g8-46j51pa-bac--s220302881,https://lh3.googleusercontent.com/_Wl76hAQqWslg7FT7EBLfcYfHfkwgbJXhfrTV3Zx-iAwGnY-LgFUal2Vebms3V9tPJydIOGCFmcIEtCi2KWRLUr05Yr6c-sYHQ=w500-rw,AMD Ryzen 5 5600U,"13.3"" IPS (1920 x 1080)",1 x 8GB DDR4 3200MHz,Onboard AMD Radeon Graphics,512GB SSD M.2 NVMe /,Windows 10 Home 64-bit,- Khối lượng: 1kg,1kg
40,HP,HP ProBook 635 Aero G8,26.290.000₫,null,https://phongvu.vn/laptop-hp-probook-635-aero-g8-46j52pa-bac--s220302882,https://lh3.googleusercontent.com/xyS_ix5JpwzHemO9_AUN5G_NqnU9HNVAZiQjQSeGIf6r8mHBx3Xtf6b6NLQ6RZgQqarq4WcBosiguKg28XlOzeLpDXcSfnyu=w500-rw,AMD Ryzen 7 5800U,"13.3"" IPS (1920 x 1080)",1 x 8GB DDR4 3200MHz,Onboard AMD Radeon Graphics,512GB SSD M.2 NVMe /,Windows 10 Home 64-bit,- Khối lượng: 1kg,1kg
43,Máy,Máy tính xách tay/  HP ProBook 440 G8,13.990.000₫,20.890.000₫,https://phongvu.vn/may-tinh-xach-tay-laptop-hp-probook-440-g8-2h0s7pa-i5-1135g7-bac-hang-trung-bay--s220303007,https://lh3.googleusercontent.com/peTSDlHggq3jIuEvf6cO0K15ftfO48SDNQvzZOG5L3pKjMUlNFdaUjsIhTxAdUdFIDbtV22KlWj9TGoqtcKtsyqUXSfWu4WE=w500-rw,Intel Core i5-1135G7,"14"" IPS (1920 x 1080)",1 x 8GB DDR4 3200MHz,Intel Iris Xe Graphics,512GB SSD /,Windows 10 Home 64-bit,- Khối lượng: 1.3kg,1.3kg
44,Máy,Máy tính xách tay/  Asus Vivobook Flip TM420UA-EC022T,15.290.000₫,18.190.000₫,https://phongvu.vn/may-tinh-xach-tay-laptop-asus-vivobook-flip-tm420ua-ec022t-amd-ryzen-5-5500u-den-hang-trung-bay--s220303022,https://lh3.googleusercontent.com/-UMDb4qLqv3vY__WLidoIpFfP_DbVL_I9kwrAz_cCk98o0oKWrv53Ut37BrZfizaAg491flhYn_5ccSB3g74O_ORU41a0PD4yw=w500-rw,AMD Ryzen 5 5500U,"14"" IPS (1920 x 1080)",8GB (4GB + 4GB Onboard) DDR4 3200MHz,AMD Radeon Graphics,512GB SSD M.2 NVMe /,Windows 10 Home 64-bit,- Khối lượng: 1.5kg,1.5kg
46,MSI,MSI Stealth GS66 12UGS-227VN,69.990.000₫,null,https://phongvu.vn/laptop-msi-stealth-gs66-12ugs-227vn--s220303101,https://lh3.googleusercontent.com/itRwsxbksBjH0KG6qXLfhNnPG3_0rcadj-vITGz6bVXTiIrivi8QYBFkl9NbGbLEeEO2Rq7mDkfrDO9jdEsMSWbLbDiezps=w500-rw,Intel Core i7-12700H,"15.6"" IPS (2560 x 1440)",2 x 16GB DDR5 4800MHz,RTX 3070Ti 8GB GDDR6 / Intel Iris Xe Graphics,1TB SSD M.2 NVMe /,Windows 11 Home,- Khối lượng: 2.1kg,2.1kg
47,MacBook,MacBook Pro 2022 14 inch Z15G001MP,89.990.000₫,null,https://phongvu.vn/macbook-pro-14-inch-z15g001mp--s220303619,https://lh3.googleusercontent.com/61FSZotVjYgbjAopz1aZ4l-5WaH2E3c8OHVUcG_5XSzIRTq_DcCrVJ9nb_wWtLWWQNHj4ojF853hPP7vAI0A11I1UfrD9QH8=w500-rw,Apple M1 Pro,"14"" (3024 x 1964)",32GB,Onboard,512GB SSD /,macOS,- Khối lượng: 1.6kg,1.6kg
48,HP,HP OMEN 16-b0176TX,49.990.000₫,null,https://phongvu.vn/laptop-hp-omen-16-b0176tx-5z9q7pa-den--s220303781,https://lh3.googleusercontent.com/oS8Z1v4U9Z9ibe4AENgxVHiC8xaJBmUVUV0PcJkAkJHJ2EyblfZ-2jiaxo1f0AGlj8XTg1k3-MywX1wgblVKnQ8jksVqd_EX=w500-rw,Intel Core i7-11800H,"16.1"" IPS (1920 x 1080),144Hz",2 x 8GB DDR4 3200MHz,RTX 3060 6GB GDDR6 / Intel UHD Graphics,1TB SSD M.2 NVMe /,Windows 11 Home,- Khối lượng: 2.3kg,2.3kg
49,GIGABYTE,GIGABYTE Aorus 17 XE5-73VN534GH,52.490.000₫,54.990.000₫,https://phongvu.vn/laptop-gigabyte-aorus-17-xe5-73vn534gh-den--s220304758,https://lh3.googleusercontent.com/l7ArYqqtvUuxM8mPvXFZTCp8eqBfVmbo1cWEGZotVYFN0wWkR5UM005-WWu_NBf5SPqAGLUonDl5fZ9t8WtAFIj5gDs0IL8Dog=w500-rw,Intel Core i7-12700H,"17.3"" IPS (1920 x 1080),360Hz",2 x 8GB DDR5 4800MHz,RTX 3070Ti 8GB GDDR6 / Intel Iris Xe Graphics,1TB SSD M.2 NVMe /,Windows 11 Home SL,- Khối lượng: 2.7kg,2.7kg
50,ASUS,ASUS TUF Gaming FX706HC-HX105W,26.490.000₫,null,https://phongvu.vn/asus-tuf-gaming-fx706hc-hx105w--s220400071,https://lh3.googleusercontent.com/shClr6CVlNsIdgNClHIJ2Cji7coT_0vZXFdC-HlK-14-ozVPOxJrEVl4OMA-9TGn-iceXmY2knq7liP5CQVYekpGe8pKBCKE=w500-rw,Intel Core i5-11400H,"17.3"" IPS (1920 x 1080),144Hz",1 x 8GB DDR4 3200MHz,RTX 3050 4GB GDDR6 / Intel UHD Graphics,512GB SSD M.2 NVMe /,Windows 11 Home,- Khối lượng: 2.6kg,2.6kg
51,HP,HP Pavilion Aero 13-be0229AU,23.590.000₫,25.490.000₫,https://phongvu.vn/laptop-hp-pavilion-aero-13-be0229au-bac--s220400253,https://lh3.googleusercontent.com/r6yoy5xAmZNkisoHBiFLAmOdbydEFeuNnnQimIcViLHap8hx97zUYb1K4UWfLhSmVbjGLhpyNUS_GLlxJhvS6kKDjVrbUg_j=w500-rw,AMD Ryzen 7 5800U,"13.3"" IPS (1920 x 1080)",8GB Onboard DDR4 3200MHz,Onboard AMD Radeon Graphics,512GB SSD M.2 NVMe /,Windows 11 Home,- Khối lượng: 0.9kg,0.9kg
52,ASUS,ASUS Vivobook D515DA-EJ1364W,10.990.000₫,null,https://phongvu.vn/asus-vivobook-d515da-ej1364w--s220400308,https://lh3.googleusercontent.com/gqnpj6LvlhUuS9P8w0nPFvfHfmH3bHR30XCXsCSiMJed8DRc_PFdts6Nt6JYJUVKF8VLWEQY_ZZF0kia03dFpgwzkZte3c0=w500-rw,AMD Ryzen 3 3250U,"15.6"" (1920 x 1080)",1 x 4GB Onboard DDR4,Onboard AMD Radeon Graphics,512GB SSD M.2 NVMe /,Windows 11,- Khối lượng: 1.8kg,1.8kg
53,APPLE,"APPLE MacBook Pro 14""",109.990.000₫,null,https://phongvu.vn/laptop-macbook-pro-14-inch-z15h000vq-xam--s220400335,https://lh3.googleusercontent.com/VKOxDjqtBQ8ULfsKV1UVDvQfw_b1RAcZam0Vw8ikj3-qiPFh7_nob9VDA-HVTYc_AzXfvumHmRzCfSNOJdEseo1W04PxqHg=w500-rw,Apple M1 Max,"14"" (3024 x 1964)",32GB,Onboard,1TB SSD /,macOS,- Khối lượng: 1.6kg,1.6kg
54,Dell,Dell Inspiron 15 3511,13.490.000₫,null,https://phongvu.vn/dell-inspiron-15-3511-i3--s220400401,https://lh3.googleusercontent.com/hChbQTF3sFmthE8XnIk_3jUvgiLGqru9GutTi43hZKf3Qn82VJ4YaHlTCTKy-KeQCedwZl9suFC7vc9IBezuW7vay4VHiDI5CA=w500-rw,Intel Core i3-1115G4,"15.6"" WVA (1920 x 1080)",1 x 8GB DDR4 2666MHz,Onboard Intel UHD Graphics,256GB SSD M.2 NVMe /,Windows 11 Home,- Khối lượng: 1.7kg,1.7kg
55,Dell,Dell Inspiron 15 3511,19.290.000₫,null,https://phongvu.vn/dell-inspiron-15-3511-i5-1135g7--s220400402,https://lh3.googleusercontent.com/HyU0AywosHrUCbimVUQCiA5_7YnKWNQj0LGJOFW3GTetM5oVzCYJ-QhYY3tMI2MxjsKlkj_QdkMETLhTgItYVcRFYn9b4Jhm=w500-rw,Intel Core i5-1135G7,"15.6"" WVA (1920 x 1080)",1 x 8GB DDR4 2666MHz,Onboard Intel Iris Xe Graphics,512GB SSD M.2 NVMe /,Windows 11 Home SL + Office Home & Student 2021,- Khối lượng: 1.9kg,1.9kg
56,ASUS,ASUS Rog Strix G15 G513IE-HN192W,27.990.000₫,null,https://phongvu.vn/asus-rog-strix-g15-g513ie-hn192w--s220401042,https://lh3.googleusercontent.com/0m-K_tYFbAiGBWlaPGWnBalgjBDFMySuuMaea-6AZ2CFaKEDsxrgTDg6yO83aaukAzlD5ql7lgzP0-v36IsfD7nR4YS4pmwl=w500-rw,AMD Ryzen 7 4800H,"15.6"" IPS (1920 x 1080),144Hz",2 x 8GB DDR4 3200MHz,RTX 3050Ti 4GB GDDR6 / AMD Radeon Graphics,512GB SSD M.2 NVMe /,Windows 11 Home,- Khối lượng: 2.1kg,2.1kg
57,ACER,ACER Predator Helios 300 PH315-54-99S6,40.090.000₫,41.990.000₫,https://phongvu.vn/laptop-acer-predator-helios-300-ph315-54-99s6-nh-qc2sv-006-den--s220401623,https://lh3.googleusercontent.com/dx8jKpX_dBq9OsoGXZ4GUS_er5EaiL5uYUpuT2Qrjls3kBj1ujdjXBJu1_KvWDphyTtZDv0F-d0INxZqbhfTOqhBC_3Z7cY8=w500-rw,Intel Core i9-11900H,"15.6"" IPS (2560 x 1440),165Hz",2 x 8GB DDR4 3200MHz,RTX 3060 6GB GDDR6 / Intel UHD Graphics,512GB SSD M.2 NVMe /,Windows 10 Home 64-bit,- Khối lượng: 2.3kg,2.3kg
58,Lenovo,Lenovo V15 G2 ITL-82KB00QMVN,12.990.000₫,null,https://phongvu.vn/laptop-lenovo-v15-g2-itl-82kb00qmvn-den--s220401914,https://lh3.googleusercontent.com/a34HOtIL8Ae-F90UJRfpMDo-7DqW-MtZL3CIA7O7bc1zwRdvNpn0veN8BAEiOffaNezskVZLxwvwWlWQ-8Y-1VDgKMYLDaXt=w500-rw,Intel Core i3-1115G4,"15.6"" TN (1920 x 1080)",8GB (4GB + 4GB Onboard) DDR4 3200MHz,Onboard Intel UHD Graphics,256GB SSD M.2 NVMe /,Windows 11 Home,- Khối lượng: 1.7kg,1.7kg
59,Lenovo,Lenovo ThinkBook 13s G3 ACN-20YA0039VN,23.790.000₫,25.490.000₫,https://phongvu.vn/laptop-lenovo-thinkbook-13s-g3-acn-20ya0039vn--s220401915,https://lh3.googleusercontent.com/5kX27-oRJvb_bFFioMsd6SGnlkkRPco2yEQjONzGHNEQ6AExCgU-yVj1764_J3I-Vulj4ba8mC_0DtM51VkOu08fnjClC8j1=w500-rw,AMD Ryzen 7 5800U,"13.3"" IPS (1920 x 1200)",8GB Onboard LPDDR4X 4266MHz,Onboard Intel UHD Graphics,512GB SSD M.2 NVMe /,Windows 11 Home,- Khối lượng: 1.2kg,1.2kg
60,Máy,Máy tính xách tay/  Acer Aspire 5 A514-54-59QK,13.590.000₫,18.490.000₫,https://phongvu.vn/may-tinh-xach-tay-laptop-acer-aspire-5-a514-54-59qk-nx-a2asv-008-i5-1135g7-vang-hang-trung-bay--s220401928,https://lh3.googleusercontent.com/gFm219Pvsj0FmMQj4qVw6YId27Le1ZUz5JpFrQ7DQsPZlnN57VRdxZzpBf3CZ8nl_hVBrMkq2MQULpPjbqN2IhXvCw4lB1nP=w500-rw,Intel Core i5-1135G7,"14"" IPS (1920 x 1080)","1 x 4GB, 1 x 4GB Onboard DDR4 2666MHz",Onboard Intel Iris Xe Graphics,512GB SSD M.2 NVMe /,Windows 11 Home,- Khối lượng: 1.5kg,1.5kg
61,Máy,Máy tính xách tay/  HP Pavilion 15-eg0539TU,16.140.000₫,18.990.000₫,https://phongvu.vn/may-tinh-xach-tay-laptop-hp-pavilion-15-eg0539tu-4p5g6pa-i5-1135g7-bac-hang-trung-bay--s220402019,https://lh3.googleusercontent.com/H8oPLYsP4mmgiK_yQtqROUv5x0vShZMAXF6Wm7qL7IDP-IB4X_VGtuAKmZDpzruRjVHKVOwbBcyjPLu7imuKE-Oiq6bPb8kA=w500-rw,Intel Core i5-1135G7,"15.6"" IPS (1920 x 1080)",2 x 4GB DDR4 3200MHz,Intel Iris Xe Graphics,512GB SSD M.2 NVMe,Windows,- Hệ điều hành: Windows,null
63,Máy,Máy tính xách tay/  Acer Swift 3 SF314-510G-57MR,14.870.000₫,23.990.000₫,https://phongvu.vn/may-tinh-xach-tay-laptop-acer-swift-3-sf314-510g-57mr-nx-a10sv-004-i5-1135g7-vang-hang-trung-bay--s220402031,https://lh3.googleusercontent.com/csNf4nhgNuaHjDoh73_W1pbEzPVZyeuqf1bTfEvQX3ia7ZLTxGd6tDNokvqTdmIYxHnWM7HUusLwhv4I0c68asELJ_Tbr3I=w500-rw,Intel Core i5-1135G7,"14"" IPS (1920 x 1080)",8GB Onboard LPDDR4X 2666MHz,Onboard Intel Iris Xe Max Graphics,512GB SSD M.2 NVMe /,Windows 10 Home 64-bit,- Khối lượng: 1.4kg,1.4kg
78,HP,HP 14s-fq1065AU,17.890.000₫,null,https://phongvu.vn/laptop-hp-14s-fq1065au-4k0z5pa-bac--s220403213,https://lh3.googleusercontent.com/LGYPRW9R88uQY-g0DbDz-nJ4edvT_ttmAnOQKknoe5OoMwWEkdmeENJCVd929u5pHfuacJvFkyAmn60-mx0Jxp_W7igUrCs=w500-rw,AMD Ryzen 5 5500U,"14"" SVA (1366 x 768)",2 x 4GB DDR4 3200MHz,Onboard AMD Radeon Graphics,512GB SSD M.2 NVMe /,Windows 11 Home,- Khối lượng: 1.5kg,1.5kg
79,Lenovo,Lenovo Yoga 7 14ACN6-82N7008XVN,26.590.000₫,28.490.000₫,https://phongvu.vn/lenovo-yoga-slim-7-14acn6-82n7008xvn--s220500078,https://lh3.googleusercontent.com/0JiNempgeo-tHh69d4LaXDM0z17KcUzB1_JznL1q6gHUCY_h0YQ9cPxxThEHhkMgvtX3C-pPW5wCslTQMOXcBQcxn2VXxjRQfw=w500-rw,AMD Ryzen 7 5800U,"14"" IPS (1920 x 1080)",16GB Onboard LPDDR4X 4266MHz,Onboard AMD Radeon Graphics,512GB SSD M.2 NVMe /,Windows 11 Home SL,- Khối lượng: 1.5kg,1.5kg
80,ASUS,ASUS ExpertBook B1500CEAE-BQ2234W,18.190.000₫,18.990.000₫,https://phongvu.vn/asus-expertbook-b1500ceae-bq2234w--s220500085,https://lh3.googleusercontent.com/vV_grxKjv9922k3IT67uYJJpCnZ3d4nHfYl11Eni9zca60eBH_56JakyTkiqr6cU_Qj8Y1phb3F901hHwiXxmXvhWn3D_zKz=w500-rw,Intel Core i5-1135G7,"15.6"" (1920 x 1080)",8GB Onboard DDR4,Onboard Intel Iris Xe Graphics,512GB SSD M.2 NVMe /,Windows 11 Home,- Khối lượng: 1.8kg,1.8kg
81,ASUS,ASUS ExpertBook B1500CEPE-EJ0823W,19.090.000₫,19.990.000₫,https://phongvu.vn/asus-expertbook-b1500cepe-ej0823w--s220500086,https://lh3.googleusercontent.com/lukH2o_hL444MNoRUpXL8tlgLpmGj1v-KgJjlUQ0ylIV1LBLJdtwv2LeIMpLEKtmgfCMeAzst5pT1qSGnhmXo-IP6p5bI6Q=w500-rw,Intel Core i5-1135G7,"15.6"" (1920 x 1080)",8GB Onboard DDR4,GeForce MX330 2GB GDDR5 / Intel Iris Xe Graphics,512GB SSD M.2 NVMe /,Windows 11 Home,- Khối lượng: 1.8kg,1.8kg
82,ASUS,ASUS ExpertBook B3402FEA-EC0960W,19.890.000₫,20.790.000₫,https://phongvu.vn/asus-expertbook-b3402fea-ec0960w--s220500087,https://lh3.googleusercontent.com/qqLsJb8GizT1Fr7EYFpDLju15zViDUEI00f0PTIdeMH0j0Wr_4dyxTcPYlxa3IUvh0maeJi0sejnrKbQTxoGOeWjwQImv1w=w500-rw,Intel Core i5-1135G7,"14"" (1920 x 1080)",8GB Onboard DDR4,Onboard Intel Iris Xe Graphics,512GB SSD M.2 NVMe /,Windows 11 Home,- Khối lượng: 1.63kg,1.63kg
83,Dell,Dell Vostro 15 3510,17.390.000₫,null,https://phongvu.vn/dell-vostro-3510-i5-1135g7--s220500163,https://lh3.googleusercontent.com/uhaEQ9Vv-dvxeVnl7cwofhOhQm3v70dW2TMGfzvSJYV7hLGF0opi3lcmdyUFIdPuvMsbnGX_VwqcbZdcT1N67AUDsDQ-IsTa=w500-rw,Intel Core i5-1135G7,"15.6"" WVA (1920 x 1080)",1 x 8GB DDR4 3200MHz,Onboard Intel Iris Xe Graphics,256GB SSD M.2 NVMe /,Windows 11 Home SL + Office Home & Student 2021,- Khối lượng: 1.7kg,1.7kg
84,HP,HP Elite Dragonfly G2,49.990.000₫,null,https://phongvu.vn/laptop-hp-elite-dragonfly-g2-25w59av--s220500198,https://lh3.googleusercontent.com/1d2HfkA1VoM6zquOYlgs9Dpqh3coyrcZSEWFnmIbM1vD7HCbDCYA1b9F1ucWOCT9KcEOInL9Qg6YfqyPhjH9toqwqx0LjQg8=w500-rw,Intel Core i7-1165G7,"13.3"" IPS (1920 x 1080)",16GB Onboard LPDDR4X 4266MHz,Onboard Intel Iris Xe Graphics,512GB SSD M.2 NVMe /,Windows 11 Pro,- Khối lượng: 1kg,1kg
85,Lenovo,Lenovo Thinkbook 14 G2 ITL-20VD00Y4VN,17.790.000₫,18.990.000₫,https://phongvu.vn/lenovo-thinkbook-14-g2-itl-20vd00y4vn--s220500211,https://lh3.googleusercontent.com/gRjj-bWhr7kCUWFacFPsJ94WstP6rc8vpJGlmJzaajnhKD-P86CMaufuEh7pV7Jqzron6mvSCFliuacWJLqHiZxRLo7mwg9hEw=w500-rw,Intel Core i5-1135G7,"14"" IPS (1920 x 1080)",8GB Onboard DDR4 3200MHz,Onboard Intel Iris Xe Graphics,512GB SSD M.2 NVMe /,Windows 11 Home,- Khối lượng: 1.4kg,1.4kg
86,ACER,ACER Predator Helios 300 PH315-55-751D,57.290.000₫,59.990.000₫,https://phongvu.vn/acer-predator-helios-ph315-55-751d--s220500383,https://lh3.googleusercontent.com/EbzNkaw0Zb9rQ41Zs4M0jqhO5Dpk9HxTUTncSLwr8Tea220JHWjLkFV9yzyKcGjcDcLHRX9wNYqKK5OLzzlBpOAaCFVluCxN0w=w500-rw,Intel Core i7-12700H,"15.6"" IPS (2560 x 1440),165Hz",2 x 8GB DDR5 4800MHz,RTX 3070Ti 8GB GDDR6 / Intel Iris Xe Graphics,512GB SSD M.2 NVMe /,Windows 11 Home SL,- Khối lượng: 2.4kg,2.4kg
87,ACER,ACER Nitro 5 AN515-57-71H1,34.390.000₫,35.990.000₫,https://phongvu.vn/acer-nitro-5-an515-57-71h1--s220500384,https://lh3.googleusercontent.com/N-nl2DeIEbQ5euFGYfhDfUc09qjR6DbmqptR96LYJqKXz8z6a_9ZfORAYT8y5kIb-O1jiQzVoP_-1vkGUGpPVkTUyFxSe9ia=w500-rw,Intel Core i7-11800H,"15.6"" IPS (1920 x 1080),144Hz",2 x 8GB DDR4 3200MHz,RTX 3060 6GB GDDR6 / Intel UHD Graphics,512GB SSD M.2 NVMe /,Windows 10 Home 64-bit,- Khối lượng: 2.2kg,2.2kg
88,HP,HP ProBook 440 G8,19.490.000₫,null,https://phongvu.vn/laptop-hp-probook-440-g8-i5-614f5pa--s220500534,https://lh3.googleusercontent.com/XG0pDK6bLDAn9h-lKsrT0gOh_VmjSh14Dwk6gFCFIhZ74JNqU7Aab70w2QaFbO7voQgNi4Do2CSIl0LqRWPvvBlaqOxS2Z8=w500-rw,Intel Core i5-1135G7,"14"" IPS (1920 x 1080)",1 x 4GB DDR4 3200MHz,Onboard Intel Iris Xe Graphics,256GB SSD M.2 NVMe /,Windows 11 Home,- Khối lượng: 1.3kg,1.3kg
89,HP,HP ProBook 440 G8,20.890.000₫,null,https://phongvu.vn/laptop-hp-probook-440-g8-i5-614f5pa--s220500535,https://lh3.googleusercontent.com/ZS0fHqQN2ntKMjRhSuHpu4vMWvyvDZaJxr6f87pA_o2i3v-Rs_qxhGxZP2k7Xey5RO0aMmZ_9aAc-yIdfSdW70tgy9PkeCT2iQ=w500-rw,Intel Core i5-1135G7,"14"" IPS (1920 x 1080)",1 x 8GB DDR4 3200MHz,Onboard Intel Iris Xe Graphics,512GB SSD M.2 NVMe /,Windows 11 Home,- Khối lượng: 1.3kg,1.3kg
90,HP,HP ProBook 440 G8,24.990.000₫,null,https://phongvu.vn/laptop-hp-probook-440-g8-i7-614f9pa--s220500536,https://lh3.googleusercontent.com/1MvN9uqMtBCAi75hYwPQfr4OIE3wef4BNO6YhilS97ING3okjFva1XOIXpMVYfWVskpCyMHuzxLUs2Qrw8jiVEoSmiA79gWz=w500-rw,Intel Core i7-1165G7,"14"" IPS (1920 x 1080)",1 x 8GB DDR4 3200MHz,Onboard Intel Iris Xe Graphics,512GB SSD M.2 NVMe /,Windows 11 Home,- Khối lượng: 1.3kg,1.3kg
91,HP,HP ProBook 440 G8,26.190.000₫,null,https://phongvu.vn/laptop-hp-probook-440-g8-i7-614g1pa--s220500537,https://lh3.googleusercontent.com/wn9xDlQDW2TpnrjVIs_pDGe2w7MSSUizdxutuR8wjS-1_aYpNY30MbJV_Io-65j3WZfnyQdhER2bpD4NFtIDFKLC469XgmebjA=w500-rw,Intel Core i7-1165G7,"14"" IPS (1920 x 1080)",1 x 16GB DDR4 3200MHz,Onboard Intel Iris Xe Graphics,512GB SSD M.2 NVMe /,Windows 11 Home,- Khối lượng: 1.3kg,1.3kg
92,GIGABYTE,GIGABYTE AORUS 17 XE4-73VN514GH,45.390.000₫,53.990.000₫,https://phongvu.vn/gigabyte-aorus-17-xe4-73vn514gh-i7--s220500538,https://lh3.googleusercontent.com/WODw8OV7RyvZa_6CS7gfJ5tG_A3Na8lbkenDKPUNoqb1Ppt63Pt6F373IMOpQioau754BzJphV-UKJ0fICw11SLnXsWiqqM-=w500-rw,Intel Core i7-12700H,"17.3"" IPS (1920 x 1080),360Hz",2 x 8GB DDR4 3200MHz,RTX 3070Ti 8GB GDDR6 / Intel Iris Xe Graphics,1TB SSD M.2 NVMe /,Windows 11 Home SL,- Khối lượng: 2.7kg,2.7kg
93,HP,HP ProBook 450 G8,25.290.000₫,null,https://phongvu.vn/laptop-hp-probook-450-g8-614k4pa--s220501939,https://lh3.googleusercontent.com/v39eTiCN0BBrLd8vOOcIXx8RLoRMtiPWVqjnm7AfAzbJGQwcGG_AnVJqLpjeN4-5gMYZ5QWpU5pQOWz_TokT0iZJjUHv9OMS=w500-rw,Intel Core i7-1165G7,"15.6"" IPS (1920 x 1080)",1 x 8GB DDR4 3200MHz,Onboard Intel Iris Xe Graphics,512GB SSD M.2 NVMe /,Windows 11 Home SL,- Khối lượng: 1.6kg,1.6kg
95,Dell,Dell Vostro 3420,14.990.000₫,null,https://phongvu.vn/laptop-dell-vostro-3420-70283384--s220503338,https://lh3.googleusercontent.com/rMLupjdwYwdzY9S9Hz9t9J_Ena4IvZQPfe0dKUtlC3K_tDLtCGdvVrsMdraLVwIH4YBhS-n9X3Rqby3IfbcgmzGrMPy74IDE=w500-rw,Intel Core i3-1115G4,"14"" IPS (1920 x 1080)",1 x 8GB DDR4 2666MHz,Onboard Intel UHD Graphics,256GB SSD M.2 NVMe /,Windows 11 Home SL + Office Home & Student 2021,- Khối lượng: 1.5kg,1.5kg
96,Dell,Dell Vostro 3420,17.590.000₫,18.890.000₫,https://phongvu.vn/laptop-dell-vostro-3420-70283385--s220503339,https://lh3.googleusercontent.com/V3mm4pgyF6OgJUbc7DXzV-lxa1G0JKMsSb2_4l7nrhZVlzQkWVKv4uHhfWOy0eC8SdYWwcjwCxBTFVDXFvhysaOF3Ueyj84S=w500-rw,Intel Core i5-1135G7,"14"" IPS (1920 x 1080)",1 x 8GB DDR4 2666MHz,Onboard Intel Iris Xe Graphics,512GB SSD M.2 NVMe /,Windows 11 Home,- Khối lượng: 1.5kg,1.5kg
97,ASUS,ASUS Vivobook X515MA-BR481W,7.890.000₫,8.290.000₫,https://phongvu.vn/asus-vivobook-x515ma-br481w--s220503379,https://lh3.googleusercontent.com/WRmyGb5OCeV7fV-1VrUyHyr8RkNFqm4ui_2AzEIP8GQ_zS2sxnwNyUt2CVd3z5aGzz9dFLDt-nM1n30dLke9KxxJ5uujnZ4=w500-rw,Intel Celeron N4020,"15.6"" (1366 x 768)",1 x 4GB DDR4,Onboard Intel UHD Graphics 600,256GB SSD M.2 NVMe /,Windows 11 Home,- Khối lượng: 1.8kg,1.8kg
98,ASUS,ASUS Vivobook X515EP-EJ448W,18.490.000₫,null,https://phongvu.vn/asus-vivobook-x515ep-ej448w--s220503380,https://lh3.googleusercontent.com/afbOwvToomCPUo7sHijb3OzYAAsNUOmWLE22aK0A6JlGZLQe2J5NUdViKDxbQG7xAvZG_DrPPpup8izTgzxVHvdH43Pio-waSQ=w500-rw,Intel Core i7-1165G7,"15.6"" (1920 x 1080)","1 x 4GB, 1 x 4GB Onboard DDR4",GeForce MX330 2GB GDDR5 / Intel Iris Xe Graphics,512GB SSD M.2 NVMe /,Windows 11 Home,- Khối lượng: 1.8kg,1.8kg
99,ASUS,ASUS ROG Zephyrus G14 GA402RK-L4242W,54.390.000₫,56.990.000₫,https://phongvu.vn/asus-rog-zephyrus-g14-ga402rk-l4242w--s220503383,https://lh3.googleusercontent.com/hYps8QWxQlJ-fYIKtLSkTnZUN6PEujxDFjyXEV4BA9djO648zV3-JoouDHClcQXGJgdaqHTPGNZD8LR35Bp9IW9453asgJU=w500-rw,AMD Ryzen 7 6800HS,"14"" IPS (2560 x 1600),120Hz","1 x 16GB, 16GB Onboard DDR5 4800MHz",RX 6800S 8GB GDDR6 / AMD Radeon 680M,1TB SSD M.2 NVMe /,Windows 11 Home,- Khối lượng: 1.8kg,1.8kg
100,ASUS,ASUS ROG Zephyrus G15 GA503RM-LN006W,48.690.000₫,50.990.000₫,https://phongvu.vn/asus-rog-zephyrus-g15-ga503rm-ln006w--s220503384,https://lh3.googleusercontent.com/YRVtmJ8XTRMlTBTKP0pBoyAHskYmR83JlO_8yr52uz386-NQMDiOHLBgkJbnTWnXbIg9g0QCOyKAUS4CGOWLXt3C_dVafz8=w500-rw,AMD Ryzen 7 6800HS,"15.6"" IPS (2560 x 1440),240Hz","1 x 8GB, 8GB Onboard DDR5 4800MHz",RTX 3060 6GB GDDR6 / AMD Radeon 680M,512GB SSD M.2 NVMe /,Windows 11 Home,- Khối lượng: 1.9kg,1.9kg
101,ASUS,ASUS ROG Strix G17 G713RW-LL157W,59.990.000₫,null,https://phongvu.vn/asus-rog-strix-g17-g713rw-ll157w--s220503387,https://lh3.googleusercontent.com/PrO5oE9rpJ3nm0MLEGO-fddEhGs915qeFS3MvR89eUR--jfAjvZaVHfpXKuU-3-bRAPLCXt0BEo1bE9UucK8ld_W6b0spbh2=w500-rw,AMD Ryzen 7 6800H,"17.3"" IPS ,240Hz",16GB DDR5 4800MHz,RTX 3070Ti 8GB GDDR6 / AMD Radeon 680M,1TB SSD M.2 NVMe /,Windows 11 Home,- Khối lượng: 2.9kg,2.9kg
102,ASUS,ASUS ROG Zephyrus Duo 16 GX650RW-LO999W,88.690.000₫,95.990.000₫,https://phongvu.vn/asus-rog-zephyrus-duo-16-gx650rw-lo999w--s220605440,https://lh3.googleusercontent.com/gW5IiQmItBovhR-0rj55_hbwZgQw6AWyGnUoCrlNpsDT-gF0baBt7NzW5ZUr7mw8QpJ9b5NQKlCUs32nsSO4U-Q040hZAno=w500-rw,AMD Ryzen 9 6900HX,"16"" (2560 x 1600),165Hz",2 x 16GB DDR5 4800MHz,RTX 3070Ti 8GB GDDR6 / AMD Radeon 680M,1TB SSD M.2 NVMe /,Windows 11 Home,- Khối lượng: 2.6kg,2.6kg
103,Lenovo,Lenovo ThinkBook 15 G2 ITL-20VE00UNVN,19.990.000₫,21.390.000₫,https://phongvu.vn/laptop-lenovo-thinkbook-15-g2-itl-20ve00unvn--s220605447,https://lh3.googleusercontent.com/-RhCDuRLIB4HrsHnUrhtz_1nyq16FcuvZppo4qKpffUKDUJhDOEWHZaw3aMZByqcebio92xYw60mUlPGakuhwQLwnBB5GJlm=w500-rw,Intel Core i5-1135G7,"15.6"" IPS (1920 x 1080)",8GB Onboard DDR4 3200MHz,Onboard Intel Iris Xe Graphics,512GB SSD M.2 NVMe /,Windows 11 Home,- Khối lượng: 1.7kg,1.7kg
104,Lenovo,Lenovo V14 G2 ALC 82KC00BBVN,13.290.000₫,13.900.000₫,https://phongvu.vn/laptop-lenovo-v14-g2-alc-82kc00bbvn--s220605620,https://lh3.googleusercontent.com/N3YoqXOlX4hh-AlyL3DL92l_hiuZR7puLk3TSmHUTbPfx8MPN8DjfpN3JeQL59BkfCBXdcuSB9vY6nVucuNhnq3eSZgV_4s9=w500-rw,AMD Ryzen 5 5500U,"14"" TN (1920 x 1080)",8GB Onboard DDR4 3200MHz,Onboard AMD Radeon Graphics,512GB SSD M.2 NVMe /,Windows 11 Home,- Khối lượng: 1.6kg,1.6kg
109,HP,HP 15s-fq5081TU,16.890.000₫,null,https://phongvu.vn/laptop-hp-15s-fq5081tu-6k7a1pa--s220609875,https://lh3.googleusercontent.com/2GaqRIzZa5RryXfwXU0LQon6BIAFIYgyA5j8m8957GIGHNYwG9OF5qMrxfKC8BDYt-2fAk0ARVWSQ6CmTl9pDXLeS37iOXE_=w500-rw,Intel Core i5-1235U,"15.6"" IPS (1366 x 768)",2 x 4GB DDR4 3200MHz,Onboard Intel Iris Xe Graphics,256GB SSD M.2 NVMe /,Windows 11 Home,- Khối lượng: 1.7kg,1.7kg
110,HP,HP 15s-fq5104TU,19.890.000₫,null,https://phongvu.vn/laptop-hp-15s-fq5104tu6k7e4pa-i7-1255u--s220609876,https://lh3.googleusercontent.com/Ue4X5jP2gcBoRluscfVC2ywI9zfb_6AK4T3WfhdiM8_OJkI79rehZzBwDQD8-ZaYRExU1R2pJSVIgmF37xW4ljR5PPeek2te=w500-rw,Intel Core i7-1255U,"15.6"" IPS (1366 x 768)",2 x 4GB DDR4 3200MHz,Onboard Intel Iris Xe Graphics,512GB SSD M.2 NVMe /,Windows 11 Home,- Khối lượng: 1.7kg,1.7kg
111,HP,HP Pavilion 14-dv2035TU,17.990.000₫,null,https://phongvu.vn/hp-pavilion-14-dv2035tu-6k771pa--s220609881,https://lh3.googleusercontent.com/QPBXH8OzLFgRzmOGvXDh6oRF01ungHwRNW6FUwm53MGZTCwbFYwCK5r84A4BafHu9aVwkW-gcW3lefOPaHzSALwQZw03eHpDWQ=w500-rw,Intel Core i5-1235U,"14"" IPS (1920 x 1080)",2 x 4GB DDR4 3200MHz,Onboard Intel Iris Xe Graphics,256GB SSD M.2 NVMe /,Windows 11 Home,- Khối lượng: 1.4kg,1.4kg
112,HP,HP Pavilion 14-dv2036TU,17.990.000₫,null,https://phongvu.vn/pavilion-14-dv2036tu-6k772pa--s220609882,https://lh3.googleusercontent.com/1U37-zRWGyqq8aAM2BdFc-POb6srd9wPbBH3T5KfVrFELGFTH1C9xPZ-YjfsUo74AZO3bHSWa0yHLzntOP8qgjNWnMKNkdI=w500-rw,Intel Core i5-1235U,"14"" IPS (1920 x 1080)",2 x 4GB DDR4 3200MHz,Onboard Intel Iris Xe Graphics,256GB SSD M.2 NVMe /,Windows 11 Home,- Khối lượng: 1.4kg,1.4kg
113,HP,HP Pavilion 15-eg2057TU,18.190.000₫,18.990.000₫,https://phongvu.vn/laptop-hp-pavilion-15-eg2057tu-6k787pa--s220610033,https://lh3.googleusercontent.com/Jkkykb5qmWR9Y0UKN1SxJfg5nWREQ3YM34970NADgGlhkl20bU5du5C4cgQPK-U_61U0kt9BlFNoGkuvzYPN3tDUXqB_s7BO=w500-rw,Intel Core i5-1240P,"15.6"" IPS (1920 x 1080)",2 x 4GB DDR4 3200MHz,Onboard Intel Iris Xe Graphics,512GB SSD M.2 NVMe /,Windows 11 Home SL,- Khối lượng: 1.7kg,1.7kg
114,HP,HP Pavilion 15-eg2056TU,18.190.000₫,18.990.000₫,https://phongvu.vn/laptop-hp-pavilion-15-eg2056tu-6k786pa--s220610040,https://lh3.googleusercontent.com/wAB6EeGBjo3qDRv-RMNzD4nJTPcgdx2von5IMlVdQfEBkBLMPQ49wpeqIbBwshTAUNWaayKKXwgpw52KckjSu9yxQecWtRKV=w500-rw,Intel Core i5-1240P,"15.6"" IPS (1920 x 1080)",2 x 4GB DDR4 3200MHz,Onboard Intel Iris Xe Graphics,512GB SSD M.2 NVMe /,Windows 11 Home SL,- Khối lượng: 1.7kg,1.7kg
115,HP,HP Pavilion 15-eg2063TU,14.990.000₫,null,https://phongvu.vn/laptop-hp-pavilion-15-eg2063tu-6k791pa--s220610042,https://lh3.googleusercontent.com/A8-1MxP0QB5YGlIJaDkwwJ6XhgK4MVy29irC7ec6Qlv7D6LLPYBirYsBUJtJ7Y5rPX7NUtf6Z7FQJwtWf_0V3Kyu-5nMWFj7Ww=w500-rw,Intel Core i3-1215U,"15.6"" IPS (1920 x 1080)",2 x 4GB DDR4 3200MHz,Onboard Intel UHD Graphics,256GB SSD M.2 NVMe /,Windows 11 Home SL,- Khối lượng: 1.7kg,1.7kg
116,HP,HP Pavilion 15-eg2066TU,23.090.000₫,24.190.000₫,https://phongvu.vn/laptop-hp-pavilion-15-eg2066tu-6k7e2pa--s220610043,https://lh3.googleusercontent.com/BYJ23hMcXvbvf46xPFF3zCouWLzA-xiJi0K-UmxRuEW63RaUZzAxy2_QSApmmExiRocoeZ2bnGY9SpQR51cbr-cxbb8LpDDf=w500-rw,Intel Core i7 1260P,"15.6"" IPS (1920 x 1080)",2 x 8GB DDR4 3200MHz,Onboard Intel Iris Xe Graphics,512GB SSD M.2 NVMe /,Windows 11 Home SL,- Khối lượng: 1.7kg,1.7kg
117,HP,HP Pavilion X360 14-ek0057TU,20.090.000₫,20.990.000₫,https://phongvu.vn/laptop-hp-pavilion-x360-14-ek0057tu-6k7e0pa--s220610045,https://lh3.googleusercontent.com/RreKz5YCCv3lwzWcSkP-3BQhzQsehOyYTI6-MNq3E9rh2S_8gR3XKYtcjLswqd4SOVmsDDe8Sg0ybGBv0nIENPMhRKvJjJmw=w500-rw,Intel Core i5-1235U,"14"" IPS (1920 x 1080)",8GB Onboard DDR4 3200MHz,Onboard Intel Iris Xe Graphics,512GB SSD M.2 NVMe /,Windows 11 Home SL,- Khối lượng: 1.5kg,1.5kg
118,MacBook,MacBook Air 2022 13.6 inch MLXY3SA/A,28.890.000₫,31.900.000₫,https://phongvu.vn/macbook-air-m2-mlxy3sa-a--s220700049,https://lh3.googleusercontent.com/F5_PrzcDuU7Xqk7x62knPZ1uweLkWieBzECDz2dKR3H3BtTkqt4T50Ri28cAZ_vWElHJttLc1laWj3FInWiaDnm1ETtD0NzFWA=w500-rw,Apple M2 chip,"13.6"" IPS (2560 x 1664)",8GB,Onboard,256GB SSD /,macOS,- Khối lượng: 1.3kg,1.3kg
119,MacBook,MacBook Air 2022 13.6 inch MLXX3SA/A,39.900.000₫,null,https://phongvu.vn/macbook-air-m2-mlxx3sa-a--s220700052,https://lh3.googleusercontent.com/7WSOATEYnO5NEOegdC_N9_4VPzTPvM-vSLTZ1nWtRR8wO4ROc1G_83QkLw8EjqIuVmWovIzMLE3fcakwuCXu4r9ZNXqEx7E=w500-rw,Apple M2 chip,"13.6"" IPS (2560 x 1664)",8GB,Onboard,512GB SSD /,macOS,- Khối lượng: 1.3kg,1.3kg
120,MacBook,MacBook Air 2022 13.6 inch MLY03SA/A,39.900.000₫,null,https://phongvu.vn/macbook-air-m2-mly03sa-a--s220700053,https://lh3.googleusercontent.com/v9LBU-rkFVpLZmVQXE9peIUmqaSI6rqBh5BOwAnKHkRZkYbnooWdPb1g1fXSTUzOVPgpqVffGfb77AnUQlTvjKA89Kui9_GZJA=w500-rw,Apple M2 chip,"13.6"" IPS (2560 x 1664)",8GB,Onboard,512GB SSD /,macOS,- Khối lượng: 1.3kg,1.3kg
